{"cameraMode":{"drawMode":0,"name":"Shaded","section":"Shading Mode"},"sceneLighting":false,"audioPlay":false,"sceneViewState":{"showFog":true,"showMaterialUpdate":false,"showSkybox":true,"showFlares":true,"showImageEffects":true,"showParticleSystems":true},"in2DMode":false,"pivot":{"x":-0.9725334644317627,"y":-0.8248406052589417,"z":-0.5464563369750977},"rotation":{"x":-0.004461734090000391,"y":-0.12715314328670503,"z":-0.000584375171456486,"w":0.9918869137763977},"size":0.2857884168624878,"orthographic":false}