{"cameraMode":{"drawMode":0,"name":"Shaded","section":"Shading Mode"},"sceneLighting":true,"audioPlay":false,"sceneViewState":{"showFog":true,"showMaterialUpdate":false,"showSkybox":true,"showFlares":true,"showImageEffects":true,"showParticleSystems":true},"in2DMode":false,"pivot":{"x":0.8804817199707031,"y":1.2772576808929444,"z":2.183907985687256},"rotation":{"x":-0.012025760486721993,"y":-0.49154025316238406,"z":0.006788645870983601,"w":-0.8707605600357056},"size":1.6932456493377686,"orthographic":false}