{"cameraMode":{"drawMode":0,"name":"Shaded","section":"Shading Mode"},"sceneLighting":true,"audioPlay":false,"sceneViewState":{"showFog":true,"showMaterialUpdate":false,"showSkybox":true,"showFlares":true,"showImageEffects":true,"showParticleSystems":true},"in2DMode":false,"pivot":{"x":-0.526055097579956,"y":0.7147101759910584,"z":2.7582311630249025},"rotation":{"x":-0.4233284592628479,"y":-0.5763248801231384,"z":0.4803393483161926,"w":-0.5079198479652405},"size":23.27250862121582,"orthographic":false}