{"cameraMode":{"drawMode":0,"name":"Shaded","section":"Shading Mode"},"sceneLighting":true,"audioPlay":false,"sceneViewState":{"showFog":true,"showMaterialUpdate":false,"showSkybox":true,"showFlares":true,"showImageEffects":true,"showParticleSystems":true},"in2DMode":false,"pivot":{"x":-0.0869121327996254,"y":1.1262511014938355,"z":4.049123764038086},"rotation":{"x":0.03149425610899925,"y":-0.005996687803417444,"z":0.00018880210700444877,"w":0.9994898438453674},"size":1.469970941543579,"orthographic":false}