{"cameraMode":{"drawMode":0,"name":"Shaded","section":"Shading Mode"},"sceneLighting":false,"audioPlay":false,"sceneViewState":{"showFog":true,"showMaterialUpdate":false,"showSkybox":true,"showFlares":true,"showImageEffects":true,"showParticleSystems":true},"in2DMode":false,"pivot":{"x":-0.00008767843246459961,"y":-0.6008195877075195,"z":0.022729724645614625},"rotation":{"x":-0.04732172191143036,"y":0.9510039687156677,"z":-0.18517619371414185,"w":-0.24303275346755982},"size":5.632994651794434,"orthographic":false}