{"cameraMode":{"drawMode":0,"name":"Shaded","section":"Shading Mode"},"sceneLighting":true,"audioPlay":false,"sceneViewState":{"showFog":true,"showMaterialUpdate":false,"showSkybox":true,"showFlares":true,"showImageEffects":true,"showParticleSystems":true},"in2DMode":false,"pivot":{"x":-0.8344144225120544,"y":1.4863591194152833,"z":3.882625102996826},"rotation":{"x":0.0704396441578865,"y":0.008978791534900666,"z":-0.0006407234468497336,"w":0.99748694896698},"size":8.298625946044922,"orthographic":false}