{"cameraMode":{"drawMode":0,"name":"Shaded","section":"Shading Mode"},"sceneLighting":true,"audioPlay":false,"sceneViewState":{"showFog":true,"showMaterialUpdate":false,"showSkybox":true,"showFlares":true,"showImageEffects":true,"showParticleSystems":true},"in2DMode":false,"pivot":{"x":-0.23039838671684266,"y":1.7940186262130738,"z":5.030892372131348},"rotation":{"x":-0.05695300176739693,"y":-0.023956265300512315,"z":-0.0013784003676846624,"w":0.9981019496917725},"size":2.7791149616241457,"orthographic":false}