{"cameraMode":{"drawMode":0,"name":"Shaded","section":"Shading Mode"},"sceneLighting":true,"audioPlay":false,"sceneViewState":{"showFog":true,"showMaterialUpdate":false,"showSkybox":true,"showFlares":true,"showImageEffects":true,"showParticleSystems":true},"in2DMode":false,"pivot":{"x":-0.526055097579956,"y":0.7147101759910584,"z":2.7582311630249025},"rotation":{"x":-0.08465249836444855,"y":-0.44589728116989138,"z":0.042385391891002658,"w":-0.8901048302650452},"size":7.707686901092529,"orthographic":false}